{"completed_trials": 10, "best_acc": 0.8595238095238095, "best_params": {"learning_rate": 0.0012200200009846104, "batch_size": 8, "num_filters": 64, "fc_units": 64, "dropout_rate": 0.12244592690173811}, "best_curve": [0.8595238095238095, 0.8595238095238095, 0.8595238095238095, 0.8595238095238095, 0.8595238095238095, 0.8595238095238095, 0.8595238095238095, 0.8595238095238095, 0.8595238095238095, 0.8595238095238095]}